2002-04-20,02 08 17 23 27 55
2003-01-08,12 15 31 40 45 50
2003-09-20,08 16 17 25 40 54
2004-03-13,16 21 25 36 49 59
2004-06-09,11 14 23 28 34 47
2004-08-18,04 19 24 29 47 56
2005-08-17,07 16 24 26 55 56
2006-02-22,12 15 16 23 40 48
2006-10-07,06 28 33 46 49 59
2006-10-11,03 21 27 37 40 47
2010-07-28,03 08 12 15 31 51
2011-02-26,13 18 23 24 30 54
2011-12-28,21 24 26 41 53 57
2012-03-24,05 13 14 16 22 25
2014-01-11,17 19 31 34 44 50
2014-11-22,07 08 19 31 39 52
2014-12-10,15 31 32 46 48 53
2015-01-28,19 24 36 37 47 53
2015-03-11,03 05 28 34 37 53
2015-04-04,13 25 27 50 51 58
2016-04-09,03 19 23 42 45 56
2016-04-23,08 16 21 23 39 43
2016-09-21,04 08 13 30 36 58
2002-03-30,21 24 36 38 41 47
2002-08-24,13 15 19 32 34 48
2002-12-24,10 15 29 34 36 43
2003-03-08,10 12 16 20 28 47
2003-04-09,04 19 22 25 43 44
2003-10-04,07 09 26 29 50 55
2003-12-20,11 27 29 40 51 58
2004-02-21,04 14 21 23 30 39
2004-11-10,01 22 29 40 42 58
2005-05-25,05 13 15 38 52 53
2012-11-17,08 21 27 28 50 53
2015-03-28,01 03 24 43 48 52
2015-07-04,07 18 19 29 43 51
2015-09-02,08 19 22 31 41 58
2016-03-16,04 07 09 20 52 57
2016-03-23,04 08 15 29 40 56
2016-07-06,23 25 36 43 46 48
2016-08-20,04 08 27 31 33 54
2002-01-16,05 16 21 30 38 49
2002-03-27,09 16 20 32 34 41
2002-04-24,07 26 39 41 50 56
2002-09-28,08 39 42 44 48 49
2002-10-02,11 20 23 28 45 57
2003-05-31,12 16 33 42 50 59
2003-09-13,07 11 14 21 40 48
2003-10-11,15 24 29 34 39 54
2004-05-22,07 17 37 47 48 52
2004-08-21,30 32 47 54 55 57
2004-12-11,14 15 23 32 45 47
2006-05-03,04 08 10 13 15 22
2006-05-31,09 10 21 26 34 49
2006-08-09,06 32 34 42 46 50
2006-08-26,09 22 28 35 43 46
2006-09-23,01 39 40 46 51 55
2011-09-24,06 08 17 22 27 28
2012-04-07,04 17 27 34 53 54
2012-05-23,01 06 09 22 35 41
2012-08-08,07 09 27 44 46 56
2012-10-31,12 15 32 44 51 56
2013-01-12,05 25 36 44 47 49
2013-01-16,06 15 22 30 42 56
2013-02-20,07 15 18 24 36 41
2013-11-30,13 25 33 35 36 59
2014-06-11,01 22 32 37 57 59
2015-04-18,05 24 29 33 48 53
2015-06-10,05 18 21 22 28 31
2015-07-11,17 18 20 26 39 41
2015-08-12,06 09 16 21 36 44
2016-02-03,13 14 20 34 41 49
2016-07-16,14 21 27 36 53 56
2017-05-03,40 41 51 52 53 56
2017-05-31,09 12 29 30 43 59
2017-07-08,07 21 24 33 41 45
2017-08-16,12 13 27 54 55 56
2001-10-24,03 08 25 31 38 44
2002-05-01,10 20 30 31 42 49
2003-04-23,02 10 18 25 38 40
2004-01-28,07 08 12 21 37 45
2004-03-20,25 45 46 49 51 58
2004-06-23,15 32 36 42 44 49
2004-07-07,22 26 32 44 46 56
2004-10-02,02 40 42 52 54 57
2004-12-18,03 20 24 25 54 58
2005-02-23,08 27 32 35 51 59
2005-03-19,06 20 30 32 37 57
2011-07-09,09 14 35 44 55 58
2011-09-28,02 11 12 21 36 50
2012-06-09,07 10 28 43 47 48
2012-07-28,12 19 36 43 47 51
2013-02-27,19 31 37 40 43 54
2013-10-12,08 13 22 26 44 58
2014-01-08,01 03 09 28 53 55
2014-03-15,06 29 30 34 44 49
2015-03-14,17 29 35 37 44 47
2016-11-12,12 22 28 30 48 59
2017-06-21,10 14 29 30 33 37
2002-07-27,07 28 37 45 48 52
2002-11-16,19 30 36 39 46 47
2003-03-29,07 08 17 21 25 32
2003-08-16,13 24 35 50 57 58
2004-03-10,02 11 14 17 34 38
2004-09-29,01 04 11 46 47 59
2006-03-01,14 22 37 42 50 59
2006-04-15,11 21 23 34 36 38
2007-01-20,07 09 11 12 28 38
2011-06-25,13 27 29 33 40 45
2011-08-17,18 20 34 37 42 56
2012-08-25,10 30 32 48 50 52
2012-12-01,30 35 39 48 50 59
2013-02-13,03 23 31 32 44 50
2013-06-19,02 11 19 20 26 52
2013-07-24,02 15 17 39 51 52
2014-08-13,04 11 16 17 31 59
2015-12-19,04 17 18 31 34 58
2016-02-20,02 24 26 36 43 55
2017-01-04,10 19 29 30 33 56
2017-02-25,04 25 26 34 40 46
2002-11-02,02 05 11 24 45 52
2004-04-21,19 26 28 29 48 57
2006-02-11,01 04 09 25 32 58
2006-11-25,24 25 38 41 49 59
2006-12-13,07 33 40 43 47 52
2010-06-05,11 22 36 40 51 52
2010-08-14,08 13 28 30 33 36
2011-06-01,32 38 44 45 55 57
2011-06-08,11 14 26 29 33 44
2011-12-07,10 20 28 29 51 52
2012-02-18,09 17 35 43 45 53
2013-02-16,04 11 18 27 31 45
2013-05-25,16 23 25 35 39 55
2013-10-30,14 16 27 29 52 58
2013-12-25,22 27 28 38 46 55
2015-12-12,09 10 11 19 41 58
2016-01-02,05 11 28 32 34 35
2001-11-07,08 18 21 22 26 49
2001-12-08,01 11 35 50 55 56
2002-07-10,27 36 37 51 58 59
2003-04-05,10 22 25 33 34 54
2003-05-03,04 18 40 45 52 56
2005-04-20,03 30 34 44 45 51
2006-02-08,19 26 41 52 54 58
2006-07-15,05 14 33 36 50 54
2006-11-18,05 17 30 40 43 57
2010-07-10,06 13 33 40 43 55
2010-08-07,05 16 29 42 46 51
2011-11-26,09 17 19 44 46 53
2012-09-15,04 05 27 33 38 46
2012-12-29,10 13 22 30 40 57
2014-10-08,08 14 26 27 44 53
2015-02-04,11 17 20 27 45 54
2015-05-16,01 20 28 30 34 49
2015-06-27,11 17 26 29 36 45
2015-09-09,02 05 08 24 28 41
2015-09-16,02 31 36 40 46 51
2016-01-30,01 24 27 43 48 50
2001-11-10,09 10 20 34 55 56
2001-11-21,05 07 13 38 44 48
2002-07-17,18 22 30 51 55 59
2002-07-20,03 10 24 29 44 52
2003-01-04,04 28 36 37 54 56
2003-06-18,01 03 07 24 30 41
2004-11-27,02 04 19 23 49 51
2004-12-22,31 33 41 50 51 54
2004-12-24,03 16 19 24 36 57
2005-01-19,01 03 15 30 49 52
2005-11-26,09 15 17 24 31 44
2006-11-01,15 23 29 37 40 52
2010-10-06,12 28 34 45 46 56
2011-08-20,02 09 19 42 43 54
2012-03-28,23 31 37 45 46 51
2012-09-12,11 20 30 36 53 54
2013-01-09,02 21 29 35 40 43
2013-04-17,09 19 26 33 34 51
2014-04-23,23 37 41 43 45 47
2014-12-06,21 30 33 41 50 58
2015-08-01,05 09 13 31 40 54
2016-05-04,16 18 26 44 49 51
2016-10-08,02 09 29 40 55 57
2017-08-23,09 23 34 37 52 56
2001-10-03,03 08 13 21 33 41
2004-04-14,18 39 43 47 48 55
2004-06-16,04 19 27 29 36 50
2005-01-22,20 28 38 40 44 59
2005-02-02,13 19 24 34 40 46
2005-02-09,11 18 23 25 35 53
2005-04-23,11 19 26 29 47 50
2005-10-29,04 25 26 35 36 54
2006-10-25,01 08 19 20 30 35
2006-12-02,13 23 25 30 49 59
2011-01-26,02 10 19 22 23 46
2011-06-04,03 04 23 27 46 55
2011-08-27,01 14 24 25 50 58
2011-11-19,08 16 27 30 37 57
2012-05-16,08 12 16 27 42 52
2013-03-20,11 20 21 26 43 58
2013-03-23,05 26 27 31 38 49
2014-05-14,02 03 12 14 16 38
2015-11-25,13 32 35 42 52 54
2016-04-13,12 23 25 29 42 46
2016-10-19,02 17 25 36 40 46
2016-12-14,18 19 32 38 49 54
2002-08-31,07 17 36 38 48 55
2002-09-07,03 23 29 38 45 58
2003-05-07,08 43 46 48 53 55
2004-04-07,05 08 16 25 31 46
2004-08-28,06 09 34 44 49 58
2004-10-06,05 17 42 44 53 57
2006-09-27,09 19 21 51 53 58
2006-12-06,03 09 38 44 51 59
2006-12-09,08 18 25 38 49 51
2011-04-02,15 18 19 24 41 59
2012-02-15,01 13 16 25 40 43
2013-08-03,09 11 17 25 42 44
2013-10-02,01 05 13 35 51 52
2014-11-08,02 17 23 26 50 58
2016-11-16,02 21 25 26 40 57
2017-06-07,05 08 13 19 28 53
2002-03-02,15 18 25 26 27 52
2002-11-27,04 17 35 39 43 45
2002-11-30,01 14 32 35 41 54
2003-03-15,05 16 25 28 34 45
2004-05-05,05 08 31 35 53 57
2004-09-15,04 08 26 28 31 44
2005-08-10,10 12 15 30 45 57
2005-12-31,06 09 28 41 46 50
2006-01-14,12 15 29 47 55 57
2006-07-12,09 16 32 42 53 57
2006-09-13,06 30 40 47 53 55
2006-10-18,20 24 34 36 37 56
2007-01-17,13 25 28 30 46 55
2010-07-21,22 28 35 39 52 55
2010-09-25,07 25 37 44 52 58
2010-10-27,12 13 24 35 39 41
2012-03-14,07 17 24 39 48 55
2013-05-08,15 25 32 33 39 48
2013-06-22,19 36 37 44 54 55
2016-01-13,20 31 34 40 42 54
2016-06-15,08 24 31 39 54 59
2017-02-11,15 23 28 34 45 53
2017-03-01,05 07 08 13 25 28
2017-05-06,03 23 31 46 53 55
2002-02-09,16 25 28 29 46 48
2002-12-21,03 13 30 40 47 57
2003-06-04,13 29 37 43 51 58
2004-10-23,08 28 31 32 42 52
2006-06-14,09 25 35 42 48 57
2006-12-30,01 02 25 27 49 55
2007-01-03,03 09 14 24 41 44
2011-05-25,04 07 17 40 42 44
2012-01-21,08 21 36 39 58 59
2012-10-10,02 06 15 32 50 53
2013-08-31,05 08 18 25 34 55
2013-09-04,25 26 27 32 35 50
2013-11-06,04 11 14 20 34 44
2014-05-28,04 05 28 33 41 46
2014-10-11,04 28 30 32 42 46
2015-07-29,02 15 18 20 47 58
2016-05-14,03 08 25 43 47 58
2017-04-26,05 21 24 31 32 55
2001-12-26,02 18 21 38 39 44
2002-08-07,02 15 23 39 54 56
2002-10-09,05 24 29 31 39 48
2003-01-29,03 04 30 37 43 53
2003-09-03,20 30 33 36 38 57
2005-09-10,15 31 41 44 47 58
2011-01-05,04 06 11 18 20 33
2011-06-11,03 12 22 28 43 59
2011-07-20,03 22 41 42 45 47
2011-12-03,12 20 30 50 54 55
2012-07-04,05 14 28 35 50 53
2012-07-07,06 10 19 22 37 43
2012-12-26,06 12 14 32 56 59
2013-05-04,10 17 24 25 52 53
2014-07-02,02 18 25 28 30 35
2015-07-18,05 10 16 17 46 48
2015-09-26,12 14 23 42 55 58
2016-04-06,03 05 10 50 54 57
2001-09-26,15 19 32 38 47 50
2001-12-19,06 15 26 30 55 56
2002-04-17,02 11 15 19 23 56
2002-11-13,16 19 28 32 53 54
2002-12-18,02 24 38 49 55 57
2003-07-02,08 13 29 30 37 53
2003-09-10,04 22 25 53 54 58
2004-02-28,01 04 06 25 30 54
2004-09-04,08 17 22 39 44 54
2005-01-26,03 26 34 36 42 57
2006-01-07,03 37 40 46 47 48
2006-03-29,12 17 25 32 48 55
2006-04-05,18 27 30 34 35 39
2010-09-15,03 17 37 44 46 57
2011-05-28,02 03 07 09 12 57
2013-01-19,04 07 11 44 54 56
2013-03-09,05 23 26 27 30 53
2013-04-03,01 18 20 33 35 46
2013-07-06,01 11 22 45 57 58
2013-10-23,04 05 12 21 52 58
2014-01-18,01 06 19 44 48 54
2014-03-08,02 10 15 31 34 56
2014-04-30,09 10 12 23 52 58
2014-05-21,07 27 30 45 50 53
2014-07-09,07 09 24 26 48 49
2014-09-27,23 31 34 41 47 53
2014-11-12,07 20 26 27 40 52
2014-11-15,01 12 30 38 39 51
2015-05-27,02 09 21 25 45 54
2004-05-19,03 04 29 34 43 53
2004-07-14,01 04 07 18 44 45
2005-03-05,08 36 40 41 46 54
2005-04-02,04 36 39 52 53 54
2005-04-09,07 14 22 42 49 58
2005-06-04,23 29 46 48 52 57
2006-04-12,10 18 21 38 40 57
2006-10-04,07 09 16 36 39 56
2011-01-22,07 16 36 50 52 57
2011-02-19,08 23 33 34 52 58
2011-10-29,07 08 12 37 38 55
2012-05-09,01 06 13 26 40 55
2012-05-26,08 12 19 24 32 53
2012-06-06,07 08 39 44 50 54
2013-08-24,16 25 40 46 55 58
2014-03-19,04 12 30 55 56 59
2014-06-07,03 09 21 29 52 58
2014-08-16,03 06 31 48 50 53
2016-01-06,21 22 29 32 39 47
2016-03-05,09 37 38 41 46 58
2016-06-25,14 27 30 31 50 52
2016-12-07,08 09 19 34 39 43
2017-03-08,03 13 20 25 31 39
2017-04-01,01 04 16 25 29 56
2002-02-16,14 17 23 25 39 45
2002-10-26,13 22 27 46 49 53
2003-12-10,01 02 26 33 40 41
2004-04-03,09 38 40 41 48 54
2004-11-24,24 27 36 42 50 52
2006-01-18,22 37 38 44 55 59
2006-05-06,08 11 12 20 41 51
2006-08-23,05 36 39 54 57 59
2006-08-30,01 08 09 32 48 58
2007-02-10,14 27 35 37 49 50
2011-02-09,17 18 32 33 36 50
2011-03-30,06 24 28 34 41 55
2011-10-08,01 23 24 25 36 52
2011-11-09,06 18 51 52 53 55
2012-06-23,01 11 14 26 28 56
2013-05-11,14 25 42 47 51 56
2015-02-28,04 21 26 27 53 57
2015-06-17,02 04 18 39 55 56
2016-10-26,18 22 41 45 49 56
2017-07-01,20 32 40 46 52 54
2017-07-19,15 22 27 34 49 57
2003-08-30,11 15 16 25 44 47
2004-07-03,08 15 19 27 38 59
2005-01-08,10 37 38 43 49 50
2005-06-01,06 11 36 41 46 53
2005-10-19,08 20 50 52 54 56
2006-06-10,02 12 15 53 55 59
2006-09-09,03 09 40 45 52 54
2007-01-31,03 06 20 22 44 54
2010-11-06,01 13 23 24 45 50
2010-11-17,03 15 27 33 39 46
2010-12-29,12 28 31 41 42 59
2012-01-11,20 33 49 51 52 56
2012-01-28,04 15 22 41 50 55
2012-08-04,11 13 21 35 48 55
2012-10-03,22 24 37 45 52 56
2013-11-27,06 22 28 42 50 55
2014-02-22,09 10 29 38 40 46
2014-12-03,01 27 42 54 56 58
2015-11-14,03 09 11 16 20 38
2016-05-18,19 26 42 47 49 59
2017-02-04,01 08 14 33 48 59
2017-06-03,22 23 31 33 46 52
2017-08-02,03 23 29 31 42 53
2002-03-23,08 23 25 26 40 58
2002-06-08,06 26 35 39 50 52
2002-12-11,01 12 14 22 23 28
2003-02-19,01 24 27 36 51 55
2005-08-13,13 17 27 38 52 57
2006-03-08,17 20 21 30 39 50
2006-05-20,21 23 31 40 42 52
2012-08-11,14 24 25 34 42 43
2013-12-21,03 04 16 22 58 59
2015-02-18,14 15 29 53 55 59
2015-05-23,15 16 17 26 49 55
2015-10-03,08 39 41 54 57 59
2015-12-05,05 07 13 17 38 42
2015-12-09,04 05 12 21 32 41
2016-01-20,10 16 17 21 33 58
2016-06-08,02 16 22 44 56 59
2016-08-24,41 43 49 57 58 59
2016-12-24,04 48 51 52 54 57
2017-07-26,07 15 20 25 34 59
2002-05-15,06 12 15 23 39 56
2002-10-16,05 06 23 35 36 44
2003-12-31,01 22 28 30 45 49
2004-05-08,20 21 30 36 44 58
2010-08-28,09 22 24 42 45 57
2011-10-26,01 05 22 25 35 45
2011-11-16,07 23 24 43 50 53
2011-12-17,01 17 27 28 39 45
2013-11-02,05 16 17 37 51 57
2013-12-11,01 08 15 17 26 56
2014-08-20,03 10 11 15 16 54
2014-12-20,09 17 20 27 32 42
2015-11-11,05 08 09 17 28 48
2016-03-09,15 22 23 30 36 38
2017-01-07,18 22 29 37 43 52
2017-01-25,03 09 29 49 51 54
2017-03-25,07 18 39 43 45 46
2017-09-06,23 33 39 49 53 57
2001-10-31,01 02 32 33 36 39
2002-04-27,08 09 10 22 31 49
2002-05-29,05 14 23 25 33 48
2002-08-14,06 09 29 33 52 57
2003-07-30,29 32 34 37 52 57
2004-06-19,14 21 40 49 53 58
2004-10-13,09 18 27 47 51 53
2006-07-22,27 31 32 33 51 53
2010-07-31,05 18 26 41 49 56
2011-01-08,11 38 44 48 53 54
2011-07-27,07 13 14 28 38 43
2011-10-22,15 18 28 35 52 55
2012-01-18,04 09 15 29 39 55
2012-02-29,14 33 35 39 44 57
2012-04-25,06 08 32 44 47 50
2013-11-09,05 06 24 25 28 33
2014-01-22,05 08 16 36 51 52
2014-04-26,02 11 12 47 49 57
2014-11-05,01 11 22 34 35 50
2015-05-02,05 15 24 31 52 59
2015-08-15,02 21 40 42 49 53
2016-06-22,31 40 42 48 49 57
2016-12-03,12 42 49 53 54 59
2017-04-29,09 24 34 40 47 59
2017-08-05,19 32 33 34 44 54
2003-10-29,06 07 15 31 51 53
2004-01-07,13 22 24 26 27 50
2005-03-02,14 34 47 50 51 56
2005-07-16,07 11 15 26 45 49
2005-07-30,01 02 11 30 39 48
2005-11-23,03 06 27 38 54 55
2005-12-14,10 16 20 25 50 59
2010-06-30,04 06 27 28 31 38
2010-09-01,08 16 19 25 45 48
2012-02-25,04 08 12 23 34 53
2012-05-02,02 08 26 41 47 55
2012-07-25,01 04 12 30 40 48
2013-05-15,03 16 34 36 47 50
2013-07-27,12 17 20 23 40 58
2013-09-07,02 14 18 29 36 55
2013-09-18,04 11 12 20 22 49
2014-04-05,03 06 09 19 31 41
2014-11-26,08 22 38 48 50 52
2015-10-10,02 17 26 39 40 41
2016-03-02,27 35 36 43 52 54
2002-01-12,01 10 17 20 23 34
2002-09-14,11 18 35 51 53 55
2004-04-28,02 03 06 15 20 55
2005-05-11,06 16 26 36 41 57
2005-10-12,08 13 15 40 42 56
2006-05-27,13 33 35 41 47 49
2006-09-06,02 13 24 45 52 53
2007-01-27,08 24 36 52 53 57
2010-11-24,17 21 32 50 55 59
2010-12-15,04 21 27 32 33 36
2011-09-21,25 26 28 35 49 55
2012-01-25,01 06 11 13 23 24
2012-06-02,07 17 25 28 48 49
2012-07-11,23 25 31 36 42 59
2012-09-29,06 24 41 42 49 55
2013-06-08,09 17 35 42 53 57
2014-04-09,02 10 19 27 30 35
2014-07-26,05 11 19 24 52 54
2014-10-04,13 21 38 39 41 57
2014-10-29,14 27 43 45 46 50
2015-04-11,11 15 28 31 40 44
2015-05-09,02 20 35 37 41 52
2015-11-18,03 30 31 35 37 52
2016-07-27,04 14 30 33 49 54
2016-09-24,16 21 32 33 35 57
2017-06-14,04 19 27 36 46 50
2001-10-20,08 18 34 44 50 54
2001-11-14,06 08 11 17 22 41
2002-01-23,11 16 20 22 30 37
2002-03-06,07 17 29 47 57 59
2002-11-09,08 26 34 35 44 50
2003-10-18,18 33 35 46 51 59
2004-02-18,17 19 29 37 40 50
2004-05-29,03 29 32 45 50 57
2004-07-10,10 22 25 31 38 44
2004-07-31,02 21 22 34 48 59
2004-12-29,19 20 41 42 44 54
2005-02-12,05 17 22 26 29 56
2005-05-07,21 30 32 38 46 53
2006-06-07,02 03 06 31 39 48
2007-02-28,02 11 14 16 43 59
2010-06-23,11 19 33 40 43 55
2010-11-13,06 10 18 29 45 53
2010-11-27,01 10 13 17 21 58
2011-01-29,01 16 19 31 34 53
2011-02-12,08 16 21 36 41 44
2011-04-06,12 19 25 38 50 55
2011-11-05,01 13 15 19 20 33
2012-03-17,02 06 10 20 43 58
2012-07-18,19 25 37 51 55 56
2014-08-27,03 06 14 17 45 48
2014-09-10,02 09 10 22 35 42
2014-10-01,03 06 11 30 43 59
2016-05-11,08 30 31 32 36 49
2002-02-06,02 03 30 43 55 59
2002-04-13,07 09 13 33 35 59
2002-08-21,04 06 07 20 44 57
2002-12-07,01 09 11 48 50 53
2003-06-28,09 16 22 28 49 50
2003-07-16,05 08 15 40 51 53
2004-06-02,12 19 23 33 54 55
2005-11-05,07 26 36 37 42 53
2005-12-28,02 04 09 17 46 52
2006-08-16,03 07 28 36 47 53
2006-11-08,10 13 22 25 42 43
2010-06-12,08 13 18 19 29 59
2011-02-16,05 15 18 40 42 47
2011-05-21,04 17 39 51 52 53
2013-04-10,15 18 31 44 51 53
2013-06-01,04 05 19 36 43 47
2014-04-16,11 12 19 49 55 59
2015-05-30,03 06 13 27 31 58
2015-08-19,05 11 23 25 48 58
2016-08-13,01 05 13 26 35 53
2002-01-09,11 15 31 39 47 48
2002-02-20,04 05 10 46 50 56
2002-02-27,08 19 22 31 44 53
2002-05-04,04 08 14 27 44 50
2003-08-02,05 15 26 51 55 57
2004-02-04,23 30 46 49 53 58
2005-06-11,13 23 29 30 43 47
2006-07-26,19 32 34 37 41 53
2010-07-07,28 29 37 45 50 59
2010-12-18,23 34 36 40 52 53
2010-12-24,01 04 26 40 44 55
2011-04-13,03 10 30 35 37 39
2012-07-21,30 34 42 50 53 55
2012-10-24,05 08 14 37 42 55
2014-04-12,07 10 14 41 43 59
2014-08-30,19 22 29 33 37 54
2014-11-01,27 29 30 42 48 59
2015-05-06,05 11 28 31 34 54
2015-06-06,16 22 26 35 50 54
2015-09-19,01 04 20 32 41 58
2015-11-07,07 12 14 23 37 53
2016-05-28,03 08 09 26 39 42
2017-05-27,07 17 30 34 47 58
2017-07-15,04 06 17 20 34 43
2001-12-12,06 15 18 31 48 53
2003-01-15,17 19 20 22 31 50
2003-04-19,03 10 14 22 46 47
2003-11-26,08 12 21 51 54 56
2003-12-06,07 10 14 15 22 31
2004-03-06,06 17 24 30 35 40
2004-07-21,08 22 25 28 36 56
2005-02-19,05 31 38 40 43 44
2005-09-17,03 38 39 40 43 48
2005-10-01,04 09 14 16 37 53
2006-01-11,01 02 04 15 24 57
2006-06-17,04 11 21 34 38 44
2006-06-24,16 20 30 31 35 45
2006-06-28,20 27 29 50 53 59
2007-02-03,25 36 38 44 55 57
2010-08-18,15 17 18 33 40 45
2011-02-02,02 12 16 17 40 57
2011-02-23,08 15 20 41 43 48
2011-03-09,05 06 11 47 50 51
2011-05-04,13 21 35 41 46 55
2012-09-19,09 36 38 43 46 49
2012-10-27,03 08 34 41 54 55
2013-01-23,07 08 12 29 43 51
2013-03-27,23 34 41 48 57 59
2013-10-09,27 35 42 45 55 59
2013-12-07,05 13 31 33 38 39
2014-03-29,07 29 30 37 42 53
2014-06-25,03 12 18 25 39 43
2015-02-25,15 27 46 52 53 59
2015-04-15,23 35 37 52 55 58
2015-07-22,08 13 20 44 50 55
2015-09-30,02 03 23 31 37 55
2015-10-07,01 09 13 35 49 59
2016-11-23,06 09 10 18 25 42
2017-01-18,05 14 27 32 33 46
2002-02-23,04 24 30 37 40 45
2002-10-23,03 11 29 37 41 49
2004-01-03,03 13 19 31 32 34
2004-11-17,02 10 17 26 35 53
2004-12-04,02 11 12 20 36 49
2005-03-09,01 11 21 45 53 58
2005-06-25,04 08 25 29 54 57
2006-06-21,06 33 34 37 55 56
2010-07-17,05 09 15 16 34 48
2010-08-11,09 21 28 30 35 51
2011-01-15,01 11 13 47 51 54
2011-07-30,05 10 19 22 36 39
2011-12-21,01 15 38 41 50 52
2012-05-05,01 04 18 39 42 54
2012-10-20,04 09 25 26 32 35
2013-02-23,01 13 16 24 32 57
2014-03-01,03 14 37 44 50 59
2014-03-26,04 10 11 18 25 28
2015-03-21,02 12 16 22 28 31
2015-07-25,04 08 11 18 33 54
2015-08-05,16 21 24 35 43 47
2015-09-23,01 07 30 31 42 44
2002-04-06,15 31 33 37 49 55
2003-05-17,06 07 32 45 48 52
2003-11-05,05 16 35 47 49 55
2005-04-16,02 07 30 52 53 58
2005-07-13,08 09 11 13 25 53
2006-04-22,24 25 27 42 46 57
2010-09-18,21 23 26 42 51 58
2011-04-23,08 15 19 37 48 59
2011-09-10,06 08 11 35 38 56
2013-03-16,19 37 39 47 51 53
2013-05-18,02 03 07 14 15 43
2013-07-31,09 19 20 42 46 55
2014-01-15,12 25 45 50 55 56
2014-12-24,08 15 23 50 52 58
2014-12-31,04 06 34 38 52 59
2017-01-28,02 03 18 35 56 58
2017-02-01,01 13 14 20 41 45
2002-03-09,08 20 22 24 33 41
2002-07-24,18 19 25 42 52 56
2003-01-22,20 24 31 38 43 47
2003-12-13,03 19 27 43 50 53
2004-05-15,07 15 28 32 39 56
2004-08-07,07 15 17 20 22 37
2007-02-17,06 08 12 13 17 26
2011-02-05,04 11 13 19 36 51
2011-04-27,16 22 24 33 37 42
2011-05-14,17 30 34 36 42 57
2011-05-18,04 08 11 13 31 36
2012-02-22,06 15 31 48 53 57
2012-04-14,03 09 41 45 51 57
2012-06-20,15 24 32 34 43 57
2012-11-10,06 14 17 24 41 59
2013-06-05,08 21 24 43 48 53
2013-06-29,03 07 12 13 18 20
2014-06-14,15 25 33 42 53 57
2015-01-21,12 19 35 41 56 58
2015-06-24,07 16 32 46 54 55
2015-07-01,10 15 27 38 39 41
2016-04-02,08 10 24 28 40 52
2016-05-21,11 28 43 48 51 59
2016-09-07,16 22 31 37 48 52
2016-12-28,16 21 40 41 44 49
2017-05-13,04 26 33 35 54 55
2002-03-20,03 16 27 33 51 58
2004-08-25,23 31 34 35 43 46
2005-07-06,12 13 16 24 25 39
2005-07-09,11 13 35 41 47 56
2005-09-24,19 27 36 45 53 55
2005-09-28,04 06 10 12 43 46
2005-11-19,11 18 21 32 33 46
2006-11-04,04 08 12 23 49 52
2010-08-04,03 07 18 36 44 53
2011-08-10,15 22 33 42 48 53
2011-09-17,14 16 31 38 43 54
2011-11-23,13 17 26 27 55 58
2011-12-14,01 06 07 12 14 55
2012-01-04,01 20 21 27 37 38
2012-11-14,17 24 27 28 50 55
2012-12-05,06 10 16 24 33 39
2012-12-08,15 23 24 31 36 41
2014-02-19,02 09 10 31 40 52
2014-10-18,11 20 21 31 37 41
2015-06-03,22 23 28 39 51 52
2015-08-26,03 24 31 33 41 48
2016-01-27,10 36 46 48 54 56
2017-04-12,02 10 38 50 53 57
2003-11-15,22 25 35 37 44 52
2003-11-29,04 15 28 29 30 55
2005-07-27,14 19 29 34 40 52
2006-09-20,06 07 22 30 40 43
2007-01-24,11 13 20 41 56 59
2010-06-26,11 25 26 35 42 45
2010-12-22,04 05 18 27 38 48
2012-05-12,10 24 28 35 43 55
2013-03-06,02 13 22 30 47 56
2014-04-19,07 10 34 38 57 59
2015-03-18,04 11 24 33 45 47
2015-09-12,13 36 39 40 41 46
2015-10-24,01 09 45 51 55 57
2015-10-28,01 16 18 25 28 55
2016-07-23,03 26 27 53 55 58
2017-01-11,12 13 16 49 50 59
2017-04-19,04 29 30 34 46 54
2001-10-17,05 08 21 24 50 56
2002-06-22,01 07 11 22 42 52
2003-08-27,08 12 22 30 41 44
2004-01-31,02 05 11 33 50 54
2004-08-14,03 19 36 44 46 55
2004-10-20,03 17 33 35 43 59
2004-12-15,06 12 16 20 35 41
2006-02-25,20 28 37 40 52 53
2006-05-17,02 04 16 18 47 49
2011-05-11,04 14 17 23 36 53
2012-11-03,05 16 18 25 41 55
2013-01-02,02 03 08 12 31 55
2014-09-03,02 21 34 41 52 59
2014-11-29,05 16 17 25 27 31
2015-01-07,05 11 21 24 34 55
2015-12-02,03 18 26 28 41 53
2016-03-12,06 09 12 15 22 37
2016-09-03,03 09 26 34 48 59
2016-11-05,05 11 15 23 26 42
2017-03-18,01 03 20 27 30 49
2002-06-26,06 10 13 27 29 43
2002-08-03,04 10 28 35 38 55
2003-02-26,11 27 31 41 42 56
2003-06-11,02 13 22 30 53 55
2003-06-21,05 20 28 50 54 57
2004-07-17,02 05 25 46 52 56
2005-06-15,03 18 23 37 50 58
2005-07-20,08 30 51 54 57 58
2005-08-27,01 03 39 46 50 53
2006-04-29,03 06 18 36 41 57
2006-09-02,09 13 30 34 44 46
2006-12-27,12 18 36 41 49 53
2010-10-09,08 13 15 16 39 53
2011-04-30,05 13 18 25 45 50
2013-03-13,12 17 21 30 50 59
2013-10-05,04 11 43 44 52 57
2014-02-15,02 10 17 31 35 41
2014-07-05,05 09 23 34 44 59
2014-12-27,24 28 39 45 46 47
2015-07-08,07 13 19 27 31 52
2015-11-28,06 14 25 39 44 48
2016-08-06,13 18 21 27 58 59
2016-10-12,01 12 17 28 46 47
2002-02-13,14 30 33 45 52 59
2002-05-08,06 10 17 31 35 51
2002-10-19,01 20 25 40 42 46
2003-04-12,15 17 19 27 36 57
2005-03-12,18 27 35 40 45 53
2011-01-12,01 15 19 32 46 50
2012-01-07,06 08 26 27 36 48
2012-04-28,03 32 40 46 50 56
2012-09-22,03 19 23 43 46 49
2012-11-07,12 17 21 23 26 51
2013-12-28,20 26 36 43 45 58
2015-02-11,22 24 37 39 44 48
2002-01-05,01 17 32 42 43 54
2002-03-13,04 07 19 21 26 56
2002-08-17,04 06 19 24 33 41
2002-11-23,04 12 13 17 49 58
2003-02-01,21 29 38 39 51 54
2003-10-22,01 06 19 26 40 41
2004-02-25,14 16 27 39 47 48
2004-07-24,06 09 11 12 25 46
2004-08-11,02 37 41 46 47 50
2004-11-03,06 25 31 34 39 41
2005-11-12,10 22 23 25 41 55
2005-12-03,08 19 27 43 49 51
2006-01-28,20 34 36 47 52 59
2006-03-11,03 10 18 24 27 50
2010-09-04,07 15 18 30 42 57
2012-04-21,03 05 19 24 33 53
2012-11-21,02 03 16 17 23 43
2013-08-28,02 12 28 43 52 57
2014-02-05,02 13 17 19 30 43
2014-09-06,05 07 45 48 54 59
2016-06-01,09 13 15 25 38 56
2017-07-12,17 24 27 29 31 49
2001-10-10,01 06 23 30 40 51
2001-12-01,02 14 15 21 48 51
2002-10-12,01 02 18 42 55 57
2002-12-04,06 14 24 29 35 54
2003-01-11,04 12 14 27 29 35
2003-01-18,02 10 33 39 41 52
2003-10-25,16 19 20 40 51 55
2004-08-04,18 23 25 27 48 57
2005-10-05,07 14 22 32 40 51
2005-11-30,25 30 35 40 43 59
2006-04-19,02 11 12 47 49 50
2006-05-10,01 11 12 13 23 50
2006-05-13,18 20 23 40 52 57
2010-09-11,08 16 37 39 45 48
2011-10-15,05 18 21 43 48 49
2013-04-20,12 15 27 43 49 53
2013-04-24,03 08 25 35 49 50
2013-04-27,29 31 38 42 52 58
2013-06-12,03 12 13 17 31 34
2013-07-20,08 24 43 45 54 56
2013-10-16,07 15 21 33 35 46
2015-08-29,15 17 25 33 34 37
2016-03-30,06 09 34 44 54 59
2016-06-29,04 11 18 37 50 53
2017-05-10,01 04 07 23 43 54
2017-06-28,30 32 35 40 50 58
2001-10-27,01 17 25 27 28 50
2001-11-17,21 27 29 34 41 48
2003-04-02,10 14 24 43 45 53
2003-05-10,12 24 32 49 52 56
2003-10-08,07 11 13 26 34 39
2003-11-12,02 26 32 35 44 52
2005-07-23,07 17 22 51 57 59
2006-08-05,07 16 26 39 47 50
2010-10-02,04 42 47 55 56 57
2011-08-13,13 14 17 25 34 48
2011-10-19,12 24 33 46 54 59
2012-04-04,05 29 30 31 46 59
2012-11-28,10 11 30 40 42 59
2013-01-26,05 14 22 28 30 31
2014-06-18,06 09 22 39 41 44
2014-09-24,09 10 25 26 35 44
2014-10-15,02 06 25 35 56 59
2015-08-22,01 12 22 31 50 58
2015-10-17,01 09 11 16 19 22
2016-02-27,01 02 08 17 25 43
2016-04-20,08 10 22 23 32 34
2016-07-02,16 27 33 36 43 58
2016-12-10,10 18 30 44 50 56
2017-09-09,02 14 19 54 56 58
2002-09-04,09 12 18 33 36 50
2002-09-18,04 10 23 47 53 58
2003-01-01,22 37 40 44 45 49
2003-06-25,04 14 21 29 35 53
2003-11-01,06 07 19 22 27 40
2005-10-15,10 17 20 21 35 37
2006-08-19,09 10 22 24 32 58
2006-09-16,07 13 32 34 39 56
2011-10-05,03 05 11 12 17 27
2012-08-15,05 21 44 45 51 56
2012-09-26,17 20 33 35 37 49
2014-05-03,06 19 21 26 41 57
2014-07-23,15 23 29 39 40 51
2014-10-25,02 15 23 29 30 49
2015-05-20,05 08 18 36 48 53
2016-03-26,13 24 44 48 56 59
2016-08-31,17 23 24 28 32 57
2017-05-20,13 14 24 35 36 50
2017-06-17,09 16 18 34 45 51
2017-07-29,19 21 22 28 41 42
2001-09-12,08 13 26 35 45 51
2001-10-06,08 14 19 35 42 50
2001-12-15,02 09 18 26 36 57
2002-02-02,18 34 37 38 42 55
2002-07-03,07 11 21 42 45 52
2002-07-13,05 07 15 23 32 44
2003-03-22,06 14 27 38 50 58
2003-05-14,06 09 11 17 32 58
2003-09-17,06 10 20 30 43 46
2003-12-17,06 18 30 34 35 56
2005-01-05,21 27 28 52 56 57
2005-03-30,01 16 17 20 40 43
2006-02-18,31 41 45 46 49 50
2006-03-22,03 26 30 43 51 59
2006-10-28,08 10 24 29 48 49
2006-11-15,16 26 31 32 54 58
2006-12-20,04 19 20 21 23 45
2010-07-03,04 07 19 34 41 56
2010-12-11,16 18 21 24 34 41
2011-03-02,01 05 40 44 56 57
2012-01-14,10 22 23 40 46 52
2012-10-17,02 05 07 27 28 53
2012-12-19,12 21 29 33 42 54
2013-11-16,27 30 32 44 58 59
2014-07-16,19 20 25 29 30 55
2014-12-13,25 32 45 51 54 55
2015-04-29,13 20 33 52 54 56
2016-07-30,01 06 08 09 18 38
2016-12-17,16 24 25 28 51 52
2001-12-05,07 43 46 49 52 57
2002-06-01,04 44 46 49 54 59
2003-03-01,08 20 30 32 46 58
2003-03-12,04 31 35 42 46 58
2003-05-24,08 20 33 36 42 57
2003-07-26,07 14 16 29 45 56
2004-06-12,04 29 31 32 48 54
2004-06-26,05 32 41 54 56 57
2004-10-16,04 12 13 15 27 43
2004-12-08,03 04 31 37 39 58
2005-03-16,06 19 23 28 42 55
2006-06-03,04 07 25 31 43 45
2006-07-08,08 11 20 34 37 57
2010-06-09,15 18 24 26 50 52
2011-07-16,01 10 18 29 43 46
2012-09-05,02 14 37 43 44 49
2013-04-13,01 02 05 08 45 48
2013-05-22,06 07 33 37 48 53
2014-09-13,04 05 10 11 44 47
2015-01-14,02 15 16 29 37 53
2015-04-08,14 39 41 48 55 56
2016-02-17,04 19 25 46 52 55
2016-11-02,09 21 24 26 50 54
2002-09-25,03 11 16 17 46 53
2002-10-30,09 20 21 28 32 50
2003-08-09,06 10 13 31 33 39
2003-09-06,27 29 31 38 51 52
2003-11-19,17 26 31 39 47 50
2005-09-03,15 19 33 46 52 53
2005-11-02,04 17 36 43 51 55
2006-07-05,02 03 15 26 39 56
2007-02-21,15 19 21 22 42 52
2011-01-19,16 23 29 36 38 57
2011-12-24,06 16 25 30 38 55
2012-02-04,03 06 33 36 51 56
2013-02-09,09 18 20 40 46 55
2014-05-07,20 21 29 32 45 48
2015-07-15,06 07 08 13 33 55
2016-09-17,12 13 21 50 56 58
2016-11-30,07 13 18 19 38 51
2002-01-19,11 23 28 39 44 53
2002-05-11,05 07 21 27 29 50
2003-03-19,02 07 31 33 48 55
2003-05-28,13 14 15 37 52 54
2004-02-07,12 16 23 38 54 55
2004-02-11,15 17 19 27 28 32
2004-03-03,06 18 31 43 53 54
2004-03-17,13 17 20 31 36 43
2004-03-31,01 06 11 24 25 39
2004-04-10,04 07 23 39 56 59
2004-04-17,38 45 47 49 51 56
2004-09-08,11 21 24 40 49 55
2004-09-25,03 15 24 43 51 58
2005-04-13,09 13 16 27 50 56
2005-04-30,05 08 16 23 27 31
2005-09-07,13 14 21 43 50 51
2010-09-29,08 13 20 35 41 52
2011-04-09,11 19 20 23 26 38
2011-07-13,11 22 36 39 45 50
2011-09-14,09 15 19 27 46 54
2011-11-30,10 11 15 17 23 26
2012-06-27,05 06 14 44 52 54
2012-08-22,18 27 30 35 49 53
2013-04-06,13 15 36 46 47 53
2013-07-03,11 13 15 26 40 58
2014-11-19,12 27 30 32 43 50
2015-08-08,06 21 27 41 43 56
2016-02-24,01 12 15 24 35 41
2017-04-15,04 07 12 17 26 55
2001-11-28,10 25 35 45 48 49
2002-05-22,09 12 13 14 23 53
2002-06-12,14 20 21 47 51 54
2002-08-28,09 35 41 45 54 55
2002-10-05,02 09 10 16 24 44
2003-04-16,02 09 13 19 24 46
2003-12-24,05 08 11 33 48 57
2005-10-22,06 14 20 31 57 59
2006-01-04,10 15 20 25 38 51
2006-04-01,05 23 33 35 36 53
2010-09-22,04 18 21 30 44 59
2011-03-26,09 23 27 37 41 45
2011-06-15,09 13 14 29 32 51
2011-08-03,05 07 10 22 27 54
2012-02-01,04 06 20 31 39 54
2012-06-16,20 34 36 40 41 51
2012-08-29,02 11 20 31 48 54
2013-11-20,03 04 28 31 50 58
2014-02-26,08 12 33 36 47 55
2015-01-03,22 23 28 30 41 45
2015-02-07,04 09 17 18 21 52
2016-07-09,08 10 46 48 50 58
2016-07-13,04 05 10 32 34 44
2016-08-10,09 12 14 17 26 28
2016-09-10,04 05 13 21 53 57
2016-10-05,01 28 29 31 55 58
2003-08-20,10 14 18 22 33 57
2003-11-22,21 24 31 35 45 54
2004-04-24,12 16 22 34 42 54
2004-05-12,05 07 11 20 26 38
2004-05-26,08 20 30 49 50 57
2004-06-30,20 26 31 39 42 55
2004-09-11,08 13 15 18 19 46
2004-10-30,06 07 14 32 42 43
2005-01-15,22 28 31 45 49 56
2005-08-20,31 32 34 48 54 55
2005-10-08,07 13 23 24 32 43
2005-10-26,02 21 38 50 52 53
2010-09-08,02 03 21 25 45 53
2011-06-18,06 11 21 45 55 57
2012-05-30,10 17 23 27 30 50
2013-08-21,11 12 31 38 48 57
2014-02-01,14 18 25 35 38 53
2015-04-25,09 18 24 34 49 58
2016-02-06,01 14 25 37 41 53
2016-08-27,17 22 35 40 43 50
2016-10-01,01 04 13 15 30 33
2016-11-09,21 23 25 28 46 59
2001-09-29,21 25 27 39 44 56
2002-07-31,05 13 21 23 38 57
2004-01-14,01 04 06 13 14 35
2004-01-17,15 28 31 49 50 57
2004-01-24,02 05 13 18 28 36
2004-07-28,03 09 28 42 43 52
2004-10-09,03 10 38 44 47 57
2005-04-27,07 10 13 25 29 57
2005-09-21,14 17 21 22 26 58
2006-02-04,10 15 19 38 54 55
2010-12-04,05 11 17 26 50 55
2010-12-08,08 15 21 28 53 56
2011-10-12,04 25 26 36 47 55
2012-03-31,01 14 20 28 35 40
2012-05-19,02 17 22 30 35 49
2013-12-04,34 42 43 44 48 55
2014-01-04,17 25 30 37 39 42
2015-12-30,04 11 18 37 51 59
2017-05-24,05 08 16 26 34 49
2017-08-09,05 12 14 42 52 55
2002-07-06,04 20 26 30 54 58
2003-02-22,07 08 30 39 41 57
2003-03-26,21 32 38 47 48 58
2003-07-19,16 31 32 37 40 45
2005-06-22,01 33 38 54 55 56
2006-05-24,01 10 11 15 16 44
2010-06-02,06 10 16 18 19 53
2010-06-19,13 22 26 28 35 52
2010-11-20,17 29 42 45 47 52
2011-07-23,02 39 41 53 54 56
2013-09-28,01 03 13 28 36 41
2014-01-01,09 14 24 26 35 55
2014-01-25,13 16 17 22 27 55
2015-04-01,08 13 26 27 32 35
2015-10-21,01 07 10 12 43 48
2016-04-27,20 31 41 43 48 59
2016-04-30,01 20 25 30 31 57
2016-10-15,01 08 17 18 24 42
2016-10-29,10 13 40 44 51 55
2017-01-14,09 13 16 23 35 58
2017-02-22,15 17 21 38 40 42
2017-03-22,08 20 27 32 36 54
2001-11-03,07 12 20 34 51 52
2001-12-22,19 20 25 36 38 53
2002-12-28,15 30 31 43 53 54
2004-10-27,15 17 28 38 50 54
2005-02-16,14 19 32 46 48 55
2005-03-23,02 03 11 24 38 54
2005-06-29,04 22 40 41 43 44
2005-12-17,17 28 29 37 43 48
2006-01-21,06 24 38 49 52 53
2006-03-18,21 27 29 33 39 44
2010-07-14,09 23 34 37 53 56
2010-08-25,09 12 26 49 52 55
2011-03-23,04 21 30 36 40 46
2011-06-22,29 38 39 43 53 57
2011-12-31,11 13 21 35 44 54
2012-03-07,01 04 18 25 33 37
2012-03-10,05 16 18 21 24 54
2013-08-14,07 11 19 38 51 54
2013-10-19,02 09 20 22 55 57
2014-04-02,08 12 33 40 43 48
2016-04-16,07 14 15 30 41 50
2017-02-15,01 03 10 24 35 56
2017-02-18,09 26 28 34 36 57
2003-01-25,10 12 34 45 51 55
2003-04-26,14 16 25 26 27 35
2005-02-05,03 10 11 26 39 54
2005-12-07,09 16 38 44 51 58
2007-02-07,04 20 29 32 45 53
2012-12-15,05 15 33 39 43 52
2013-02-02,09 20 35 51 55 59
2013-09-11,01 12 15 18 41 51
2013-09-21,08 11 22 39 46 55
2013-11-13,10 18 33 40 45 46
2014-08-02,03 10 42 46 52 53
2015-02-14,13 16 20 22 47 57
2015-03-25,10 11 23 45 51 52
2015-05-13,03 28 37 38 44 59
2016-01-09,01 10 13 26 33 53
2016-10-22,14 26 30 35 50 56
2017-08-26,12 25 32 33 47 55
2002-01-30,09 16 21 28 30 48
2002-04-10,02 08 11 16 37 54
2002-05-25,01 05 10 16 28 34
2003-07-05,17 28 31 32 39 59
2003-08-23,07 11 32 37 47 51
2005-02-26,09 23 26 38 46 51
2007-01-13,28 31 40 43 50 59
2007-02-14,07 19 20 26 32 43
2011-03-12,13 15 16 26 38 44
2011-11-02,03 04 38 46 48 55
2012-02-08,12 13 19 22 47 48
2012-02-11,02 18 29 38 46 59
2012-09-08,02 09 25 31 39 42
2013-01-05,03 08 26 38 51 58
2013-02-06,01 16 17 22 27 36
2013-03-02,03 09 10 33 48 51
2013-07-10,06 12 16 38 44 52
2013-07-13,02 09 14 16 23 27
2014-08-23,06 15 22 37 41 45
2015-06-13,19 32 41 44 50 59
2015-06-20,04 21 24 34 36 54
2016-06-18,10 21 30 38 45 59
2016-09-14,05 17 18 32 37 56
2016-12-21,06 23 25 39 42 53
2002-05-18,16 24 32 34 39 54
2002-06-15,07 16 30 40 51 56
2002-09-21,14 35 36 44 51 58
2003-02-08,07 12 26 33 38 39
2003-05-21,04 17 25 31 42 45
2003-11-08,10 11 32 34 35 46
2005-04-06,22 26 29 31 35 49
2005-05-28,01 06 08 12 37 48
2005-12-24,05 12 22 34 39 44
2006-11-11,01 02 03 13 27 40
2007-01-06,07 10 27 34 37 52
2010-10-13,11 16 23 43 47 51
2010-11-10,12 27 39 41 45 51
2011-04-20,08 16 17 29 39 56
2011-08-31,05 21 31 35 41 55
2012-11-24,20 31 33 41 48 56
2013-05-29,08 23 25 26 45 51
2013-09-14,04 10 27 46 52 56
2013-12-18,10 14 26 33 39 48
2014-02-08,01 05 20 35 36 40
2014-07-19,28 32 36 37 39 47
2014-08-06,05 17 31 37 44 55
2016-03-19,07 17 30 46 53 55
2016-11-19,13 25 32 47 52 57
2016-11-26,06 16 22 25 31 56
2017-01-21,11 31 44 45 48 53
2017-07-05,18 19 21 30 54 56
2002-03-16,07 19 44 47 48 54
2002-08-10,05 13 23 33 45 57
2003-03-05,12 13 14 31 34 48
2003-04-30,02 05 30 32 45 46
2003-06-14,11 15 16 29 37 55
2003-12-03,01 02 25 38 46 49
2004-01-21,06 10 12 27 52 54
2004-03-27,11 18 38 41 49 53
2004-11-20,01 20 35 36 52 59
2006-10-14,10 15 25 36 46 52
2006-10-21,11 18 21 23 43 52
2006-12-23,04 07 18 28 40 58
2007-01-10,01 06 36 41 55 57
2010-06-16,39 40 43 53 54 57
2010-12-01,15 24 27 55 56 58
2011-03-05,15 17 27 37 40 49
2011-03-16,15 19 22 23 30 54
2012-03-21,01 03 25 26 49 52
2012-08-01,01 05 07 32 55 56
2012-12-12,02 05 27 32 38 50
2012-12-22,16 19 20 22 25 55
2013-03-30,11 19 31 37 54 59
2013-09-25,05 11 16 27 28 59
2013-10-26,06 10 16 21 29 54
2014-02-12,04 10 19 31 40 58
2014-03-05,17 18 20 21 32 42
2014-05-24,15 17 26 37 43 57
2014-07-12,09 12 17 38 45 46
2014-10-22,10 13 21 35 43 56
2015-03-07,11 20 23 29 53 58
2015-10-31,01 03 12 13 26 49
2016-02-10,11 14 21 28 40 49
2016-05-07,05 12 18 33 56 57
2016-05-25,05 12 13 22 25 35
2016-06-11,03 19 21 44 49 57
2017-03-29,05 20 25 44 50 53
2017-08-19,10 25 30 31 36 58
2001-09-19,03 08 29 30 31 49
2001-10-13,05 17 30 35 41 49
2003-07-12,10 25 32 44 51 58
2003-10-01,23 25 31 38 43 44
2004-03-24,13 26 37 41 42 46
2004-09-22,24 27 35 36 51 58
2005-03-26,03 09 31 44 47 57
2005-05-21,02 19 31 39 47 54
2005-11-09,11 25 29 36 39 44
2005-11-16,12 23 27 31 58 59
2006-03-25,16 21 22 43 53 59
2006-04-26,21 27 49 55 58 59
2006-07-01,01 13 22 31 36 53
2006-09-30,01 11 40 45 53 58
2010-07-24,06 12 27 34 53 58
2010-10-16,01 11 13 14 27 40
2010-10-30,07 09 23 30 38 51
2011-03-19,01 14 24 31 42 51
2011-08-24,05 27 28 31 48 58
2012-08-18,05 06 07 15 26 42
2014-09-17,08 17 27 30 34 53
2015-10-14,13 35 42 47 48 58
2016-09-28,07 43 48 54 58 59
2016-12-31,03 16 25 40 44 50
2001-09-22,21 25 39 50 54 59
2001-12-29,17 26 35 47 55 57
2002-12-14,06 14 25 44 45 58
2003-07-09,06 09 10 12 49 56
2003-07-23,06 10 17 21 29 44
2004-05-01,05 17 23 29 34 40
2005-09-14,03 19 22 41 44 55
2005-12-21,03 04 11 42 44 45
2006-03-04,02 06 08 11 51 59
2006-03-15,01 13 32 34 41 59
2006-07-19,05 14 16 38 49 56
2006-07-29,05 10 15 25 30 35
2006-11-29,13 29 31 33 54 59
2012-09-01,01 11 33 48 50 52
2012-10-06,26 27 28 32 47 59
2013-05-01,10 17 19 42 44 49
2014-05-10,08 22 24 44 50 57
2015-01-17,02 31 47 48 50 52
2015-09-05,08 12 13 29 43 56
2015-11-04,12 14 21 45 50 55
2015-12-23,03 05 08 13 47 55
2016-01-23,01 17 21 35 51 52
2016-07-20,02 26 32 40 43 59
2017-05-17,12 20 22 26 37 59
2002-06-19,03 14 22 45 50 56
2003-02-12,03 05 29 39 42 43
2003-09-24,10 14 18 30 33 55
2006-02-01,17 32 41 43 45 59
2013-06-15,02 07 10 33 39 44
2014-05-31,02 12 19 29 46 50
2014-06-04,01 28 38 57 58 59
2014-06-28,15 28 49 50 53 56
2014-12-17,03 14 36 42 45 48
2015-01-24,03 06 30 41 45 56
2017-03-11,01 17 21 33 44 45
2017-07-22,11 23 28 37 40 41
2002-01-26,01 09 32 36 56 57
2002-06-05,12 15 31 40 47 59
2002-11-06,24 27 37 50 51 58
2003-08-06,07 12 32 37 38 50
2003-09-27,03 10 12 38 57 58
2004-02-14,05 26 27 43 54 59
2004-11-13,02 04 09 23 30 34
2006-01-25,08 25 27 40 47 48
2006-08-12,03 11 18 40 49 51
2006-11-22,13 32 34 36 41 50
2006-12-16,07 08 09 11 16 57
2010-08-21,01 09 20 21 27 52
2011-04-16,02 08 20 42 54 59
2011-07-02,06 09 10 19 39 47
2014-03-12,09 11 14 16 49 57
2015-03-04,05 26 34 36 44 57
2015-12-26,16 18 22 28 35 46
2017-04-05,14 15 21 23 41 50
2017-06-24,06 14 18 23 31 37
2002-01-02,01 10 20 23 29 31
2002-06-29,02 15 20 24 48 53
2002-09-11,03 07 11 15 52 58
2002-11-20,04 09 17 21 43 57
2003-06-07,04 10 22 34 40 54
2004-01-10,15 18 39 45 52 53
2004-12-01,17 42 45 50 51 52
2005-01-01,08 18 37 46 49 57
2005-05-14,08 16 23 34 43 49
2005-08-24,02 08 24 42 44 58
2011-07-06,01 03 13 18 41 59
2011-09-03,05 08 25 31 45 59
2011-11-12,08 24 32 36 40 42
2012-04-11,21 32 37 43 48 57
2012-06-13,23 36 38 39 42 44
2012-10-13,01 06 08 28 35 42
2013-08-07,05 06 09 13 34 50
2013-12-14,04 15 19 20 21 28
2014-01-29,17 24 27 28 31 34
2014-03-22,02 07 24 36 53 57
2015-01-10,11 19 35 37 51 52
2015-04-22,02 04 14 20 33 49
2015-11-21,22 25 34 40 45 46
2016-01-16,09 23 39 41 48 52
2016-06-04,11 17 25 27 47 48
2017-04-08,04 15 24 33 37 58
2017-08-30,03 08 14 17 37 53
2017-09-02,17 39 44 48 55 59
2001-09-15,01 15 24 31 34 44
2001-11-24,05 22 35 47 52 58
2003-02-05,05 06 16 20 56 59
2004-06-05,17 20 23 36 51 59
2004-09-18,09 10 13 22 30 39
2004-11-06,03 05 10 41 54 58
2005-01-12,07 17 28 34 43 50
2005-06-08,18 23 27 37 43 50
2005-06-18,12 25 31 40 41 53
2005-07-02,03 12 16 20 24 36
2005-08-31,10 37 38 40 50 52
2006-08-02,02 03 16 26 43 52
2011-01-01,14 16 18 23 27 54
2011-09-07,14 16 19 30 37 40
2012-04-18,11 27 30 36 46 49
2012-06-30,08 09 21 26 35 38
2013-08-17,10 17 18 49 58 59
2014-09-20,07 22 23 27 50 58
2015-02-21,08 21 23 50 52 53
2016-08-03,09 16 22 27 46 51
2016-08-17,15 21 26 39 46 53
2017-02-08,06 23 27 45 47 49
2017-04-22,09 28 31 45 49 50
2005-05-04,08 12 20 53 56 59
2005-05-18,20 34 41 47 54 57
2006-02-15,08 25 35 40 46 59
2006-04-08,04 41 42 48 51 55
2010-10-20,02 43 48 50 53 54
2010-11-03,02 15 27 28 31 35
2011-05-07,13 15 20 28 36 56
2011-10-01,15 16 34 35 44 54
2013-06-26,07 19 23 44 45 56
2014-06-21,09 19 31 54 57 59
2014-07-30,09 10 21 43 44 50
2015-01-31,03 05 09 21 23 24
2016-02-13,05 11 15 33 39 40
2017-08-12,05 19 26 41 44 50
2002-04-03,02 19 26 33 50 58
2003-02-15,19 23 28 41 43 55
2003-08-13,03 28 30 37 49 54
2003-10-15,24 29 42 43 47 53
2003-12-27,01 12 30 37 44 49
2004-09-01,25 29 33 37 42 51
2005-01-29,20 30 39 46 47 58
2005-08-03,02 16 17 18 42 50
2005-08-06,04 26 28 30 37 46
2005-12-10,03 11 16 22 41 49
2007-02-24,06 12 15 17 26 34
2010-10-23,01 08 31 40 49 58
2011-06-29,13 15 21 24 28 45
2011-08-06,12 18 32 40 50 52
2011-12-10,08 27 32 44 54 55
2012-03-03,29 30 31 35 47 57
2012-07-14,11 18 20 31 44 46
2013-01-30,09 22 35 47 48 57
2013-07-17,25 29 40 41 49 56
2013-08-10,12 23 30 31 46 52
2013-11-23,03 05 09 15 27 29
2014-05-17,04 05 19 21 23 29
2014-08-09,04 17 18 34 39 56
2015-12-16,15 16 23 30 43 54
2017-03-04,03 09 18 46 47 55
2017-03-15,13 22 27 29 30 40
2008-01-05,12 18 28 40 45 57
2008-06-11,05 08 15 18 24 45
2007-11-21,22 31 34 40 45 52
2009-06-17,22 40 42 43 45 55
2008-06-21,07 24 36 52 54 55
2008-05-21,01 07 13 30 34 46
2009-05-02,01 08 19 28 46 48
2008-12-20,07 09 11 24 41 57
2010-01-20,10 20 35 40 47 52
2009-03-04,03 18 25 33 39 46
2007-04-14,04 05 10 14 16 33
2007-05-26,19 21 29 35 47 57
2009-10-03,26 28 37 38 57 58
2009-12-02,19 30 37 53 54 57
2008-07-16,10 19 24 38 39 55
2008-04-23,17 24 25 26 42 54
2008-06-18,07 11 23 24 27 49
2007-06-02,05 15 19 51 53 54
2007-06-16,18 25 31 36 46 56
2008-04-02,01 08 10 31 52 57
2009-02-25,01 02 22 23 30 32
2007-03-17,01 36 39 50 51 58
2009-09-16,17 29 30 43 52 59
2007-10-13,01 04 29 30 40 59
2009-01-03,28 35 39 46 52 57
2007-09-26,04 05 17 32 50 58
2008-01-26,05 13 24 30 45 53
2010-05-12,04 09 10 23 28 49
2008-08-09,02 08 17 18 40 47
2009-05-16,11 19 30 45 55 56
2008-04-16,03 20 26 44 55 57
2010-01-23,06 18 27 40 51 55
2009-09-12,19 22 27 45 50 52
2007-12-05,06 29 33 44 51 56
2009-05-27,16 29 30 43 44 50
2009-02-07,01 23 31 35 44 50
2010-02-03,23 24 43 44 55 57
2008-11-29,16 19 22 47 48 56
2010-02-10,13 31 38 42 43 46
2009-07-22,07 18 29 35 37 42
2009-04-18,01 18 34 44 50 51
2008-04-26,10 15 17 37 41 53
2009-06-24,19 29 35 42 49 59
2007-08-01,16 27 32 34 36 57
2007-12-19,20 22 31 32 43 45
2009-08-29,07 29 34 49 53 57
2010-04-21,15 21 32 33 51 52
2007-12-26,07 12 41 51 53 54
2009-10-07,03 05 20 31 57 59
2008-03-12,15 21 29 37 41 44
2007-09-01,12 16 21 39 43 51
2009-07-01,02 35 40 55 56 59
2008-12-13,08 16 27 35 37 41
2008-08-27,08 21 32 34 37 44
2007-06-06,01 05 07 19 21 55
2009-10-21,26 29 43 51 52 54
2009-12-30,10 13 17 38 48 55
2008-07-02,03 18 23 33 34 57
2009-07-29,14 25 45 48 52 56
2010-01-30,08 12 29 32 40 47
2009-07-04,01 19 33 42 47 49
2008-02-27,11 12 15 27 46 50
2008-05-07,16 25 32 45 46 58
2008-06-04,01 04 11 24 42 56
2008-04-19,02 06 16 17 25 59
2007-05-12,05 18 22 49 57 59
2007-04-04,08 09 40 44 52 55
2008-10-04,15 23 32 41 46 51
2009-12-19,12 15 20 32 36 44
2010-03-20,07 19 27 29 30 35
2008-07-05,03 12 22 38 48 50
2009-10-14,10 14 25 34 41 45
2009-03-14,04 18 36 42 43 47
2010-03-03,02 17 30 38 43 53
2009-08-05,09 30 39 44 47 50
2009-07-08,03 05 07 09 39 54
2008-10-01,17 31 45 48 49 55
2008-01-23,06 11 26 34 39 52
2007-05-30,14 23 36 38 45 57
2008-06-25,08 22 32 41 53 57
2009-02-14,03 34 37 38 46 59
2009-06-20,12 21 28 37 44 58
2010-05-08,07 31 33 38 45 46
2008-01-16,28 37 38 40 50 56
2010-01-16,19 21 27 39 48 49
2008-03-08,04 21 32 39 44 47
2010-05-15,08 20 28 52 58 59
2010-04-07,07 23 42 47 48 54
2008-11-15,01 08 27 42 44 49
2009-05-13,04 24 38 40 47 48
2007-05-19,02 10 42 45 50 51
2007-11-28,07 13 15 26 33 57
2008-08-23,09 27 30 34 50 53
2009-04-01,05 07 12 20 37 53
2009-08-22,22 32 34 43 55 56
2008-04-12,02 11 12 16 32 49
2008-02-13,01 18 29 30 51 53
2008-08-02,22 26 31 36 39 50
2009-06-03,08 14 15 40 45 49
2007-08-25,02 04 24 31 36 50
2007-06-30,12 17 18 38 47 59
2008-03-19,03 08 39 46 48 57
2009-09-30,08 14 17 26 36 54
2008-09-10,07 13 16 40 41 47
2009-03-07,14 25 28 36 49 59
2008-11-22,07 09 12 42 43 59
2008-02-23,03 09 10 16 27 58
2007-05-09,02 13 24 32 38 54
2009-11-04,10 17 26 28 31 53
2008-09-13,07 14 26 27 39 41
2008-06-07,05 11 17 24 25 39
2009-01-07,12 17 38 48 55 57
2009-01-24,12 20 26 31 57 59
2007-12-15,08 09 13 21 24 54
2007-06-20,12 16 27 28 34 39
2009-04-04,10 14 20 33 46 55
2007-11-24,01 06 20 48 53 59
2007-08-22,09 16 41 45 49 53
2008-11-08,15 28 31 33 44 58
2010-05-26,02 08 14 33 34 57
2010-05-29,04 18 23 29 30 36
2009-07-15,07 19 26 28 35 44
2008-08-20,14 20 30 38 40 59
2008-04-05,04 11 26 31 37 49
2008-01-19,02 04 06 31 32 34
2010-03-06,03 05 06 14 22 38
2010-04-24,02 07 08 42 44 48
2007-09-22,02 05 15 34 38 57
2007-06-23,24 31 39 42 49 52
2008-02-09,14 33 41 43 44 47
2009-02-18,04 38 39 45 46 47
2008-05-10,01 03 34 44 47 49
2009-06-10,11 26 36 42 46 56
2009-05-23,18 23 29 35 42 59
2010-04-28,01 07 15 19 49 50
2009-05-06,03 29 32 45 46 50
2010-02-24,03 04 14 40 42 54
2009-11-07,16 20 47 53 54 55
2009-08-19,03 07 14 38 50 51
2010-03-31,11 16 20 23 25 36
2008-07-12,16 17 21 30 43 44
2009-10-31,02 15 17 21 24 42
2008-09-27,02 08 13 43 45 53
2007-07-07,08 36 38 49 50 59
2008-07-23,01 14 25 32 47 50
2008-07-30,05 14 26 27 39 42
2009-06-27,19 36 38 42 43 45
2007-11-03,05 12 22 23 25 57
2008-03-05,12 14 40 41 44 57
2007-12-08,01 23 31 33 44 53
2007-11-14,21 23 28 38 42 47
2007-07-14,09 14 18 21 41 58
2008-11-01,12 24 26 44 47 52
2009-06-06,07 18 27 31 39 45
2010-01-09,09 15 21 23 31 46
2008-02-02,02 09 16 18 49 54
2009-02-28,01 29 36 42 55 56
2007-12-22,17 33 41 50 53 55
2010-05-19,02 04 09 13 26 45
2010-01-27,13 31 40 52 57 58
2008-11-05,15 33 47 53 55 58
2009-04-08,05 06 21 35 38 51
2010-01-13,03 18 24 32 36 46
2008-04-30,03 14 16 45 53 57
2009-11-18,06 08 27 39 45 48
2009-10-28,08 12 22 32 35 56
2007-08-04,23 27 35 36 38 45
2007-05-02,02 03 19 44 47 57
2008-09-20,12 13 17 26 35 43
2008-05-03,19 28 30 34 51 52
2007-06-27,02 05 27 30 38 48
2009-01-10,16 17 43 47 48 51
2009-11-28,09 39 45 49 57 59
2007-09-29,05 09 18 26 35 56
2007-09-19,03 08 23 35 37 40
2008-12-10,16 20 25 36 46 54
2009-09-05,07 26 29 31 38 47
2008-10-22,03 14 28 32 44 50
2009-05-09,02 06 35 39 46 47
2010-05-01,04 05 12 23 43 56
2008-07-19,02 25 32 53 55 57
2008-08-30,18 20 22 28 40 56
2007-03-31,05 16 43 48 52 54
2009-04-29,01 02 10 28 35 36
2008-05-28,17 25 32 35 40 53
2008-05-17,04 09 25 40 52 57
2009-03-25,09 12 35 36 47 55
2007-08-08,15 37 43 55 56 59
2008-08-16,15 20 24 25 42 43
2008-03-22,25 30 33 41 42 54
2007-06-09,06 12 14 41 46 59
2008-09-03,14 32 40 41 54 57
2008-08-13,08 13 34 44 53 58
2010-03-10,06 23 27 37 40 57
2008-02-16,01 07 16 25 47 49
2010-03-27,01 13 17 42 47 53
2007-07-21,06 19 20 21 25 43
2010-04-17,08 13 25 34 46 54
2009-08-01,05 13 19 25 40 54
2008-07-09,04 08 19 34 47 54
2007-03-28,07 26 41 42 43 49
2008-12-17,11 12 19 32 34 59
2009-02-11,10 11 16 24 42 54
2007-07-11,15 16 33 34 40 50
2009-08-08,10 21 28 32 43 53
2007-04-18,11 12 21 36 50 59
2008-10-15,10 11 25 43 51 55
2007-06-13,23 24 29 35 37 46
2009-12-09,04 05 06 15 50 57
2010-01-02,04 28 29 37 43 56
2008-05-31,06 24 30 50 51 57
2008-12-31,02 07 13 26 32 47
2008-09-17,14 15 23 37 40 57
2009-06-13,33 35 37 47 48 58
2010-04-10,08 24 44 53 54 59
2007-10-10,20 23 26 29 50 56
2009-01-14,10 13 16 19 33 57
2009-03-28,11 47 52 56 57 59
2008-06-14,09 14 26 27 51 55
2009-09-19,09 22 43 47 51 53
2008-10-29,01 13 14 27 31 51
2007-10-24,15 20 33 45 57 58
2007-10-31,11 13 19 31 36 54
2009-04-15,12 25 29 30 37 53
2009-10-17,03 16 17 36 51 58
2007-10-27,10 15 39 45 50 59
2008-12-27,11 26 31 36 53 58
2008-03-29,10 16 41 50 51 55
2008-12-06,25 28 29 35 51 55
2008-03-15,01 17 19 22 24 29
2008-12-03,31 36 38 41 44 48
2009-09-02,23 24 30 35 45 54
2008-05-14,01 09 21 37 45 53
2009-12-23,18 33 35 37 39 57
2009-02-21,04 11 35 52 56 57
2007-07-25,02 17 19 42 44 47
2008-09-06,03 24 35 42 44 50
2007-05-23,04 12 13 22 31 50
2009-12-16,11 28 30 45 49 58
2007-09-05,03 19 32 37 42 45
2009-04-11,08 14 15 31 50 56
2007-03-21,07 14 20 23 24 54
2007-08-29,02 08 23 35 41 54
2008-01-12,25 27 34 48 55 58
2008-06-28,03 08 21 23 40 57
2008-03-26,07 08 10 12 15 37
2008-04-09,25 26 33 45 47 48
2007-07-18,14 22 28 30 31 38
2007-04-07,29 30 43 49 55 56
2009-07-18,05 12 16 18 20 41
2007-03-03,14 19 20 31 50 52
2008-10-08,18 30 31 34 49 54
2010-03-17,12 29 30 42 52 54
2007-05-16,03 10 14 22 40 52
2008-01-09,18 32 50 51 53 58
2009-07-11,08 12 25 32 52 58
2008-03-01,09 13 27 28 34 46
2009-12-12,08 16 33 36 43 52
2009-03-18,09 19 21 22 28 32
2007-04-28,17 20 22 31 42 47
2009-11-25,07 29 33 35 42 46
2008-07-26,07 11 20 21 34 47
2007-11-17,05 06 17 33 37 46
2008-08-06,11 16 35 36 54 56
2007-10-20,08 09 21 39 40 48
2007-03-24,02 04 05 22 23 45
2007-11-07,02 13 19 20 36 46
2009-01-17,05 12 16 45 48 54
2009-03-11,02 08 12 27 30 37
2010-03-24,12 16 29 42 49 52
2010-04-03,09 12 13 14 27 46
2007-07-28,04 25 38 40 43 48
2009-08-26,03 05 09 14 34 58
2009-12-26,02 18 32 35 51 52
2010-02-27,03 04 05 30 40 43
2009-10-24,04 05 10 16 48 53
2008-02-20,08 09 17 48 54 55
2010-02-20,28 35 36 43 44 53
2009-11-11,16 17 28 31 45 53
2009-01-31,23 26 29 31 40 58
2007-07-04,06 29 35 39 48 53
2009-01-21,17 22 23 28 41 53
2009-09-23,09 15 22 33 34 38
2008-11-12,01 13 14 29 32 38
2007-05-05,03 18 19 25 53 57
2008-01-02,07 20 25 28 32 37
2007-09-08,06 33 39 40 42 44
2008-11-26,07 11 19 21 23 37
2009-11-21,16 23 26 30 32 53
2008-09-24,01 19 21 49 50 58
2009-12-05,11 21 26 39 43 54
2009-04-22,09 11 20 23 39 53
2009-03-21,02 05 08 29 33 50
2009-08-15,01 08 35 39 45 49
2007-12-29,08 09 24 39 40 47
2007-12-01,19 33 45 49 52 57
2009-01-28,01 10 18 31 34 42
2007-08-18,04 09 22 26 39 50
2009-02-04,12 16 24 40 44 48
2009-07-25,02 08 21 34 35 40
2008-12-24,08 15 28 37 40 47
2008-05-24,08 24 33 35 44 53
2009-04-25,02 07 18 29 31 49
2008-02-06,01 02 14 25 33 36
2010-02-06,02 11 32 42 47 48
2009-08-12,05 12 20 27 36 55
2010-04-14,03 08 32 40 42 51
2010-02-17,18 22 31 49 50 58
2007-11-10,06 15 34 35 47 58
2007-09-15,08 16 17 30 41 48
2007-04-25,16 24 41 47 53 57
2009-09-09,22 27 36 43 48 56
2007-08-11,07 10 20 30 36 57
2009-09-26,17 22 25 42 49 59
2008-11-19,06 07 32 41 42 52
2009-10-10,19 23 36 37 38 42
2007-03-14,08 14 25 27 42 47
2008-10-25,13 15 16 20 21 34
2007-10-03,21 26 36 39 51 54
2008-01-30,03 07 13 24 33 47
2010-05-22,01 14 19 22 52 58
2007-12-12,01 06 21 28 29 42
2007-10-06,11 21 26 28 43 49
2009-11-14,04 11 28 34 42 43
2007-08-15,11 14 28 31 47 57
2010-02-13,27 45 46 52 53 55
2010-01-06,01 19 22 27 39 46
2007-03-07,01 16 26 28 36 40
2009-05-20,07 09 19 25 36 50
2009-05-30,06 11 13 15 25 27
2007-04-11,03 06 26 31 33 51
2007-04-21,05 27 37 43 45 55
2007-03-10,04 19 22 30 34 38
2010-03-13,11 19 25 29 30 55
2010-05-05,08 11 15 24 52 53
2007-10-17,17 28 31 39 52 53
2008-10-11,08 10 16 19 38 54
2008-10-18,05 22 27 41 53 56
2007-09-12,06 07 13 35 42 43